metro,Automotive,BeautySpas,Food,EventPlanningServices,HotelsTravel,HomeServices,LocalServices,Nightlife,Restaurants,Shopping
oh,0.2307692308,0.0820793434,0.0645546922,0.3216957606,0.4734513274,0.1535580524,0.1585365854,0.0922746781,0.0553607214,0.1078014184
nc,0.2353706112,0.1067556297,0.0832342449,0.3327974277,0.5077319588,0.2224719101,0.1847988078,0.1114058355,0.0759183673,0.1237006237
wi,0.2580645161,0.0694864048,0.1761978362,0.3305785124,0.5213675214,0.1666666667,0.1704035874,0.1315789474,0.1084598698,0.132176235
pa,0.2227488152,0.0734824281,0.1009104704,0.2997275204,0.4524886878,0.1828571429,0.1485148515,0.0833333333,0.0686514886,0.1076923077
il,0.1855670103,0.1138211382,0.0733944954,0.4302325581,0.4782608696,0.1712328767,0.1711711712,0.0980392157,0.0787401575,0.1612903226
az,0.2151965994,0.141634981,0.0676567657,0.2775870525,0.4519632414,0.2594488782,0.2219341457,0.072815534,0.0453829494,0.1364388443
nv,0.2117486339,0.1651917404,0.0911270983,0.3022981732,0.4219600726,0.1860869565,0.176092545,0.1398068124,0.0670758439,0.1196632592
